id,cluster
uid-1,0
uid-2,0
uid-3,0
uid-4,0
uid-5,0
uid-6,0
uid-7,0
uid-8,0
uid-9,0
uid-10,0
uid-11,0
uid-12,0
uid-13,0
uid-14,0
uid-15,0
uid-16,0
uid-17,0
uid-18,0
uid-19,0
uid-20,0
uid-21,0
uid-22,0
uid-23,0
uid-24,0
uid-25,0
uid-26,0
uid-27,0
uid-28,0
uid-29,0
uid-30,0
uid-31,0
uid-32,0
uid-33,0
uid-34,0
uid-35,0
uid-36,0
uid-37,0
uid-38,0
uid-39,0
uid-40,0
uid-41,0
uid-42,0
uid-43,0
uid-44,0
uid-45,0
uid-46,0
uid-47,0
uid-48,0
uid-49,0
uid-50,0
uid-51,0
uid-52,0
uid-53,0
uid-54,0
uid-55,0
uid-56,0
uid-57,0
uid-58,0
uid-59,0
uid-60,0
uid-61,0
uid-62,0
uid-63,0
uid-64,0
uid-65,0
uid-66,0
uid-67,0
uid-68,0
uid-69,0
uid-70,0
uid-71,0
uid-72,0
uid-73,0
uid-74,0
uid-75,0
uid-76,0
uid-77,0
uid-78,0
uid-79,0
uid-80,0
uid-81,0
uid-82,0
uid-83,0
uid-84,0
uid-85,0
uid-86,0
uid-87,0
uid-88,0
uid-89,0
uid-90,0
uid-91,0
uid-92,0
uid-93,0
uid-94,0
uid-95,0
uid-96,0
uid-97,0
uid-98,0
uid-99,0
uid-100,0
uid-101,0
uid-102,0
uid-103,0
uid-104,0
uid-105,0
uid-106,0
uid-107,0
uid-108,0
uid-109,0
uid-110,0
uid-111,0
uid-112,0
uid-113,0
uid-114,0
uid-115,0
uid-116,0
uid-117,0
uid-118,0
uid-119,0
uid-120,0
uid-121,0
uid-122,0
uid-123,0
uid-124,0
uid-125,0
uid-126,0
uid-127,0
uid-128,0
uid-129,0
uid-130,0
uid-131,0
uid-132,0
uid-133,0
uid-134,0
uid-135,0
uid-136,0
uid-137,0
uid-138,0
uid-139,0
uid-140,0
uid-141,0
uid-142,0
uid-143,0
uid-144,0
uid-145,0
uid-146,0
uid-147,0
uid-148,0
uid-149,0
uid-150,0
uid-151,0
uid-152,0
uid-153,0
uid-154,0
uid-155,0
uid-156,0
uid-157,0
uid-158,0
uid-159,0
uid-160,0
uid-161,0
uid-162,0
uid-163,0
uid-164,0
uid-165,0
uid-166,0
uid-167,0
uid-168,0
uid-169,0
uid-170,0
uid-171,0
uid-172,0
uid-173,0
uid-174,0
uid-175,0
uid-176,0
uid-177,0
uid-178,0
uid-179,0
uid-180,0
uid-181,0
uid-182,0
uid-183,0
uid-184,0
uid-185,0
uid-186,0
uid-187,0
uid-188,0
uid-189,0
uid-190,0
uid-191,0
uid-192,0
uid-193,0
uid-194,0
uid-195,0
uid-196,0
uid-197,0
uid-198,0
uid-199,0
uid-200,0
uid-201,0
uid-202,0
uid-203,0
uid-204,0
uid-205,0
uid-206,0
uid-207,0
uid-208,0
uid-209,0
uid-210,0
uid-211,0
uid-212,0
uid-213,0
uid-214,0
uid-215,0
uid-216,0
uid-217,0
uid-218,0
uid-219,0
uid-220,0
uid-221,0
uid-222,0
uid-223,0
uid-224,0
uid-225,0
uid-226,0
uid-227,0
uid-228,0
uid-229,0
uid-230,0
uid-231,0
uid-232,0
uid-233,0
uid-234,0
uid-235,0
uid-236,0
uid-237,0
uid-238,0
uid-239,0
uid-240,0
uid-241,0
uid-242,0
uid-243,0
uid-244,0
uid-245,0
uid-246,0
uid-247,0
uid-248,0
uid-249,0
uid-250,0
uid-251,0
uid-252,0
uid-253,0
uid-254,0
uid-255,0
uid-256,0
uid-257,0
uid-258,0
uid-259,0
uid-260,0
uid-261,0
uid-262,0
uid-263,0
uid-264,0
uid-265,0
uid-266,0
uid-267,0
uid-268,0
uid-269,0
uid-270,0
uid-271,0
uid-272,0
uid-273,0
uid-274,0
uid-275,0
uid-276,0
uid-277,0
uid-278,0
uid-279,0
uid-280,0
uid-281,0
uid-282,0
uid-283,0
uid-284,0
uid-285,0
uid-286,0
uid-287,0
uid-288,0
uid-289,0
uid-290,0
uid-291,0
uid-292,0
uid-293,0
uid-294,0
uid-295,0
uid-296,0
uid-297,0
uid-298,0
uid-299,0
uid-300,0
uid-301,0
uid-302,0
uid-303,0
uid-304,0
uid-305,0
uid-306,0
uid-307,0
uid-308,0
uid-309,0
uid-310,0
uid-311,0
uid-312,0
uid-313,0
uid-314,0
uid-315,0
uid-316,0
uid-317,0
uid-318,0
uid-319,0
uid-320,0
uid-321,0
uid-322,0
uid-323,0
uid-324,0
uid-325,0
uid-326,0
uid-327,0
uid-328,0
uid-329,0
uid-330,0
uid-331,0
uid-332,0
uid-333,0
uid-334,0
uid-335,0
uid-336,0
uid-337,0
uid-338,0
uid-339,0
uid-340,0
uid-341,0
uid-342,0
uid-343,0
uid-344,0
uid-345,0
uid-346,0
uid-347,0
uid-348,0
uid-349,0
uid-350,0
uid-351,0
uid-352,0
uid-353,0
uid-354,0
uid-355,0
uid-356,0
uid-357,0
uid-358,0
uid-359,0
uid-360,0
uid-361,0
uid-362,0
uid-363,0
uid-364,0
uid-365,0
uid-366,0
uid-367,0
uid-368,0
uid-369,0
uid-370,0
uid-371,0
uid-372,0
uid-373,0
uid-374,0
uid-375,0
uid-376,0
uid-377,0
uid-378,0
uid-379,0
uid-380,0
uid-381,0
uid-382,0
uid-383,0
uid-384,0
uid-385,0
uid-386,0
uid-387,0
uid-388,0
uid-389,0
uid-390,0
uid-391,0
uid-392,0
uid-393,0
uid-394,0
uid-395,0
uid-396,0
uid-397,0
uid-398,0
uid-399,0
uid-400,0
uid-401,0
uid-402,0
uid-403,0
uid-404,0
uid-405,0
uid-406,0
uid-407,0
uid-408,0
uid-409,0
uid-410,0
uid-411,0
uid-412,0
uid-413,0
uid-414,0
uid-415,0
uid-416,0
uid-417,0
uid-418,0
uid-419,0
uid-420,0
uid-421,0
uid-422,0
uid-423,0
uid-424,0
uid-425,0
uid-426,0
uid-427,0
uid-428,0
uid-429,0
uid-430,0
uid-431,0
uid-432,0
uid-433,0
uid-434,0
uid-435,0
uid-436,0
uid-437,0
uid-438,0
uid-439,0
uid-440,0
uid-441,0
uid-442,0
uid-443,0
uid-444,0
uid-445,0
uid-446,0
uid-447,0
uid-448,0
uid-449,0
uid-450,0
uid-451,0
uid-452,0
uid-453,0
uid-454,0
uid-455,0
uid-456,0
uid-457,0
uid-458,0
uid-459,0
uid-460,0
uid-461,0
uid-462,0
uid-463,0
uid-464,0
uid-465,0
uid-466,0
uid-467,0
uid-468,0
uid-469,0
uid-470,0
uid-471,0
uid-472,0
uid-473,0
uid-474,0
uid-475,0
uid-476,0
uid-477,0
uid-478,0
uid-479,0
uid-480,0
uid-481,0
uid-482,0
uid-483,0
uid-484,0
uid-485,0
uid-486,0
uid-487,0
uid-488,0
uid-489,0
uid-490,0
uid-491,0
uid-492,0
uid-493,0
uid-494,0
uid-495,0
uid-496,0
uid-497,0
uid-498,0
uid-499,0
uid-500,0
uid-501,0
uid-502,0
uid-503,0
uid-504,0
uid-505,0
uid-506,0
uid-507,0
uid-508,0
uid-509,0
uid-510,0
uid-511,0
uid-512,0
uid-513,0
uid-514,0
uid-515,0
uid-516,0
uid-517,0
uid-518,0
uid-519,0
uid-520,0
uid-521,0
uid-522,0
uid-523,0
uid-524,0
uid-525,0
uid-526,0
uid-527,0
uid-528,0
uid-529,0
uid-530,0
uid-531,0
uid-532,0
uid-533,0
uid-534,0
uid-535,0
uid-536,0
uid-537,0
uid-538,0
uid-539,0
uid-540,0
uid-541,0
uid-542,0
uid-543,0
uid-544,0
uid-545,0
uid-546,0
uid-547,0
uid-548,0
uid-549,0
uid-550,0
uid-551,0
uid-552,0
uid-553,0
uid-554,0
uid-555,0
uid-556,0
uid-557,0
uid-558,0
uid-559,0
uid-560,0
uid-561,0
uid-562,0
uid-563,0
uid-564,0
uid-565,0
uid-566,0
uid-567,0
uid-568,0
uid-569,0
uid-570,0
uid-571,0
uid-572,0
uid-573,0
uid-574,0
uid-575,0
uid-576,0
uid-577,0
uid-578,0
uid-579,0
uid-580,0
uid-581,0
uid-582,0
uid-583,0
uid-584,0
uid-585,0
uid-586,0
uid-587,0
uid-588,0
uid-589,0
uid-590,0
uid-591,0
uid-592,0
uid-593,0
uid-594,0
uid-595,0
uid-596,0
uid-597,0
uid-598,0
uid-599,0
uid-600,0
uid-601,0
uid-602,0
uid-603,0
uid-604,0
uid-605,0
uid-606,0
uid-607,0
uid-608,0
uid-609,0
uid-610,0
uid-611,0
uid-612,0
uid-613,0
uid-614,0
uid-615,0
uid-616,0
uid-617,0
uid-618,0
uid-619,0
uid-620,0
uid-621,0
uid-622,0
uid-623,0
uid-624,0
uid-625,0
uid-626,0
uid-627,0
uid-628,0
uid-629,0
uid-630,0
uid-631,0
uid-632,0
uid-633,0
uid-634,0
uid-635,0
uid-636,0
uid-637,0
uid-638,0
uid-639,0
uid-640,0
uid-641,0
uid-642,0
uid-643,0
uid-644,0
uid-645,0
uid-646,0
uid-647,0
uid-648,0
uid-649,0
uid-650,0
uid-651,0
uid-652,0
uid-653,0
uid-654,0
uid-655,0
uid-656,0
uid-657,0
uid-658,0
uid-659,0
uid-660,0
uid-661,0
uid-662,0
uid-663,0
uid-664,0
uid-665,0
uid-666,0
uid-667,0
uid-668,0
uid-669,0
uid-670,0
uid-671,0
uid-672,0
uid-673,0
uid-674,0
uid-675,0
uid-676,0
uid-677,0
uid-678,0
uid-679,0
uid-680,0
uid-681,0
uid-682,0
uid-683,0
uid-684,0
uid-685,0
uid-686,0
uid-687,0
uid-688,0
uid-689,0
uid-690,0
uid-691,0
uid-692,0
uid-693,0
uid-694,0
uid-695,0
uid-696,0
uid-697,0
uid-698,0
uid-699,0
uid-700,0
uid-701,0
uid-702,0
uid-703,0
uid-704,0
uid-705,0
uid-706,0
uid-707,0
uid-708,0
uid-709,0
uid-710,0
uid-711,0
uid-712,0
uid-713,0
uid-714,0
uid-715,0
uid-716,0
uid-717,0
uid-718,0
uid-719,0
uid-720,0
uid-721,0
uid-722,0
uid-723,0
uid-724,0
uid-725,0
uid-726,0
uid-727,0
uid-728,0
uid-729,0
uid-730,0
uid-731,0
uid-732,0
uid-733,0
uid-734,0
uid-735,0
uid-736,0
uid-737,0
uid-738,0
uid-739,0
uid-740,0
uid-741,0
uid-742,0
uid-743,0
uid-744,0
uid-745,0
uid-746,0
uid-747,0
uid-748,0
uid-749,0
uid-750,0
uid-751,0
uid-752,0
uid-753,0
uid-754,0
uid-755,0
uid-756,0
uid-757,0
uid-758,0
uid-759,0
uid-760,0
uid-761,0
uid-762,0
uid-763,0
uid-764,0
uid-765,0
uid-766,0
uid-767,0
uid-768,0
uid-769,0
uid-770,0
uid-771,0
uid-772,0
uid-773,0
uid-774,0
uid-775,0
uid-776,0
uid-777,0
uid-778,0
uid-779,0
uid-780,0
uid-781,0
uid-782,0
uid-783,0
uid-784,0
uid-785,0
uid-786,0
uid-787,0
uid-788,0
uid-789,0
uid-790,0
uid-791,0
uid-792,0
uid-793,0
uid-794,0
uid-795,0
uid-796,0
uid-797,0
uid-798,0
uid-799,0
uid-800,0
uid-801,0
uid-802,0
uid-803,0
uid-804,0
uid-805,0
uid-806,0
uid-807,0
uid-808,0
uid-809,0
uid-810,0
uid-811,0
uid-812,0
uid-813,0
uid-814,0
uid-815,0
uid-816,0
uid-817,0
uid-818,0
uid-819,0
uid-820,0
uid-821,0
uid-822,0
uid-823,0
uid-824,0
uid-825,0
uid-826,0
uid-827,0
uid-828,0
uid-829,0
uid-830,0
uid-831,0
uid-832,0
uid-833,0
uid-834,0
uid-835,0
uid-836,0
uid-837,0
uid-838,0
uid-839,0
uid-840,0
uid-841,0
uid-842,0
uid-843,0
uid-844,0
uid-845,0
uid-846,0
uid-847,0
uid-848,0
uid-849,0
uid-850,0
uid-851,0
uid-852,0
uid-853,0
uid-854,0
uid-855,0
uid-856,0
uid-857,0
uid-858,0
uid-859,0
uid-860,0
uid-861,0
uid-862,0
uid-863,0
uid-864,0
uid-865,0
uid-866,0
uid-867,0
uid-868,0
uid-869,0
uid-870,0
uid-871,0
uid-872,0
uid-873,0
uid-874,0
uid-875,0
uid-876,0
uid-877,0
uid-878,0
uid-879,0
uid-880,0
uid-881,0
uid-882,0
uid-883,0
uid-884,0
uid-885,0
uid-886,0
uid-887,0
uid-888,0
uid-889,0
uid-890,0
uid-891,0
uid-892,0
uid-893,0
uid-894,0
uid-895,0
uid-896,0
uid-897,0
uid-898,0
uid-899,0
uid-900,0
uid-901,0
uid-902,0
uid-903,0
uid-904,0
uid-905,0
uid-906,0
uid-907,0
uid-908,0
uid-909,0
uid-910,0
uid-911,0
uid-912,0
uid-913,0
uid-914,0
uid-915,0
uid-916,0
uid-917,0
uid-918,0
uid-919,0
uid-920,0
uid-921,0
uid-922,0
uid-923,0
uid-924,0
uid-925,0
uid-926,0
uid-927,0
uid-928,0
uid-929,0
uid-930,0
uid-931,0
uid-932,0
uid-933,0
uid-934,0
uid-935,0
uid-936,0
uid-937,0
uid-938,0
uid-939,0
uid-940,0
uid-941,0
uid-942,0
uid-943,0
uid-944,0
uid-945,0
uid-946,0
uid-947,0
uid-948,0
uid-949,0
uid-950,0
uid-951,0
uid-952,0
uid-953,0
uid-954,0
uid-955,0
uid-956,0
uid-957,0
uid-958,0
uid-959,0
uid-960,0
uid-961,0
uid-962,0
uid-963,0
uid-964,0
uid-965,0
uid-966,0
uid-967,0
uid-968,0
uid-969,0
uid-970,0
uid-971,0
uid-972,0
uid-973,0
uid-974,0
uid-975,0
uid-976,0
uid-977,0
uid-978,0
uid-979,0
uid-980,0
uid-981,0
uid-982,0
uid-983,0
uid-984,0
uid-985,0
uid-986,0
uid-987,0
uid-988,0
uid-989,0
uid-990,0
uid-991,0
uid-992,0
uid-993,0
uid-994,0
uid-995,0
uid-996,0
uid-997,0
uid-998,0
uid-999,0
uid-1000,0
uid-1001,0
uid-1002,0
uid-1003,0
uid-1004,0
uid-1005,0
uid-1006,0
uid-1007,0
uid-1008,0
uid-1009,0
uid-1010,0
uid-1011,0
uid-1012,0
uid-1013,0
uid-1014,0
uid-1015,0
uid-1016,0
uid-1017,0
uid-1018,0
uid-1019,0
uid-1020,0
uid-1021,0
uid-1022,0
uid-1023,0
uid-1024,0
uid-1025,0
uid-1026,0
uid-1027,0
uid-1028,0
uid-1029,0
uid-1030,0
uid-1031,0
uid-1032,0
uid-1033,0
uid-1034,0
uid-1035,0
uid-1036,0
uid-1037,0
uid-1038,0
uid-1039,0
uid-1040,0
uid-1041,0
uid-1042,0
uid-1043,0
uid-1044,0
uid-1045,0
uid-1046,0
uid-1047,0
uid-1048,0
uid-1049,0
uid-1050,0
uid-1051,0
uid-1052,0
uid-1053,0
uid-1054,0
uid-1055,0
uid-1056,0
uid-1057,0
uid-1058,0
uid-1059,0
uid-1060,0
uid-1061,0
uid-1062,0
uid-1063,0
uid-1064,0
uid-1065,0
uid-1066,0
uid-1067,0
uid-1068,0
uid-1069,0
uid-1070,0
uid-1071,0
uid-1072,0
uid-1073,0
uid-1074,0
uid-1075,0
uid-1076,0
uid-1077,0
uid-1078,0
uid-1079,0
uid-1080,0
uid-1081,0
uid-1082,0
uid-1083,0
uid-1084,0
uid-1085,0
uid-1086,0
uid-1087,0
uid-1088,0
uid-1089,0
uid-1090,0
uid-1091,0
uid-1092,0
uid-1093,0
uid-1094,0
uid-1095,0
uid-1096,0
uid-1097,0
uid-1098,0
uid-1099,0
uid-1100,0
uid-1101,0
uid-1102,0
uid-1103,0
uid-1104,0
uid-1105,0
uid-1106,0
uid-1107,0
uid-1108,0
uid-1109,0
uid-1110,0
uid-1111,0
uid-1112,0
uid-1113,0
uid-1114,0
uid-1115,0
uid-1116,0
uid-1117,0
uid-1118,0
uid-1119,0
uid-1120,0
uid-1121,0
uid-1122,0
uid-1123,0
uid-1124,0
uid-1125,0
uid-1126,0
uid-1127,0
uid-1128,0
uid-1129,0
uid-1130,0
uid-1131,0
uid-1132,0
uid-1133,0
uid-1134,0
uid-1135,0
uid-1136,0
uid-1137,0
uid-1138,0
uid-1139,0
uid-1140,0
uid-1141,0
uid-1142,0
uid-1143,0
uid-1144,0
uid-1145,0
uid-1146,0
uid-1147,0
uid-1148,0
uid-1149,0
uid-1150,0
uid-1151,0
uid-1152,0
uid-1153,0
uid-1154,0
uid-1155,0
uid-1156,0
uid-1157,0
uid-1158,0
uid-1159,0
uid-1160,0
uid-1161,0
uid-1162,0
uid-1163,0
uid-1164,0
uid-1165,0
uid-1166,0
uid-1167,0
uid-1168,0
uid-1169,0
uid-1170,0
uid-1171,0
uid-1172,0
uid-1173,0
uid-1174,0
uid-1175,0
uid-1176,0
uid-1177,0
uid-1178,0
uid-1179,0
uid-1180,0
uid-1181,0
uid-1182,0
uid-1183,0
uid-1184,0
uid-1185,0
uid-1186,0
uid-1187,0
uid-1188,0
uid-1189,0
uid-1190,0
uid-1191,0
uid-1192,0
uid-1193,0
uid-1194,0
uid-1195,0
uid-1196,0
uid-1197,0
uid-1198,0
uid-1199,0
uid-1200,0
uid-1201,0
uid-1202,0
uid-1203,0
uid-1204,0
uid-1205,0
uid-1206,0
uid-1207,0
uid-1208,0
uid-1209,0
uid-1210,0
uid-1211,0
uid-1212,0
uid-1213,0
uid-1214,0
uid-1215,0
uid-1216,0
uid-1217,0
uid-1218,0
uid-1219,0
uid-1220,0
uid-1221,0
uid-1222,0
uid-1223,0
uid-1224,0
uid-1225,0
uid-1226,0
uid-1227,0
uid-1228,0
uid-1229,0
uid-1230,0
uid-1231,0
uid-1232,0
uid-1233,0
uid-1234,0
uid-1235,0
uid-1236,0
uid-1237,0
uid-1238,0
uid-1239,0
uid-1240,0
uid-1241,0
uid-1242,0
uid-1243,0
uid-1244,0
uid-1245,0
uid-1246,0
uid-1247,0
uid-1248,0
uid-1249,0
uid-1250,0
uid-1251,0
uid-1252,0
uid-1253,0
uid-1254,0
uid-1255,0
uid-1256,0
uid-1257,0
uid-1258,0
uid-1259,0
uid-1260,0
uid-1261,0
uid-1262,0
uid-1263,0
uid-1264,0
uid-1265,0
uid-1266,0
uid-1267,0
uid-1268,0
uid-1269,0
uid-1270,0
uid-1271,0
uid-1272,0
uid-1273,0
uid-1274,0
uid-1275,0
uid-1276,0
uid-1277,0
uid-1278,0
uid-1279,0
uid-1280,0
uid-1281,0
uid-1282,0
uid-1283,0
uid-1284,0
uid-1285,0
uid-1286,0
uid-1287,0
uid-1288,0
uid-1289,0
uid-1290,0
uid-1291,0
uid-1292,0
uid-1293,0
uid-1294,0
uid-1295,0
uid-1296,0
uid-1297,0
uid-1298,0
uid-1299,0
uid-1300,0
uid-1301,0
uid-1302,0
uid-1303,0
uid-1304,0
uid-1305,0
uid-1306,0
uid-1307,0
uid-1308,0
uid-1309,0
uid-1310,0
uid-1311,0
uid-1312,0
uid-1313,0
uid-1314,0
uid-1315,0
uid-1316,0
uid-1317,0
uid-1318,0
uid-1319,0
uid-1320,0
uid-1321,0
uid-1322,0
uid-1323,0
uid-1324,0
uid-1325,0
uid-1326,0
uid-1327,0
uid-1328,0
uid-1329,0
uid-1330,0
uid-1331,0
uid-1332,0
uid-1333,0
uid-1334,0
uid-1335,0
uid-1336,0
uid-1337,0
uid-1338,0
uid-1339,0
uid-1340,0
uid-1341,0
uid-1342,0
uid-1343,0
uid-1344,0
uid-1345,0
uid-1346,0
uid-1347,0
uid-1348,0
uid-1349,0
uid-1350,0
uid-1351,0
uid-1352,0
uid-1353,0
uid-1354,0
uid-1355,0
uid-1356,0
uid-1357,0
uid-1358,0
uid-1359,0
uid-1360,0
uid-1361,0
uid-1362,0
uid-1363,0
uid-1364,0
uid-1365,0
uid-1366,0
uid-1367,0
uid-1368,0
uid-1369,0
uid-1370,0
uid-1371,0
uid-1372,0
uid-1373,0
uid-1374,0
uid-1375,0
uid-1376,0
uid-1377,0
uid-1378,0
uid-1379,0
uid-1380,0
uid-1381,0
uid-1382,0
uid-1383,0
uid-1384,0
uid-1385,0
uid-1386,0
uid-1387,0
uid-1388,0
uid-1389,0
uid-1390,0
uid-1391,0
uid-1392,0
uid-1393,0
uid-1394,0
uid-1395,0
uid-1396,0
uid-1397,0
uid-1398,0
uid-1399,0
uid-1400,0
uid-1401,0
uid-1402,0
uid-1403,0
uid-1404,0
uid-1405,0
uid-1406,0
uid-1407,0
uid-1408,0
uid-1409,0
uid-1410,0
uid-1411,0
uid-1412,0
uid-1413,0
uid-1414,0
uid-1415,0
uid-1416,0
uid-1417,0
uid-1418,0
uid-1419,0
uid-1420,0
uid-1421,0
uid-1422,0
uid-1423,0
uid-1424,0
uid-1425,0
uid-1426,0
uid-1427,0
uid-1428,0
uid-1429,0
uid-1430,0
uid-1431,0
uid-1432,0
uid-1433,0
uid-1434,0
uid-1435,0
uid-1436,0
uid-1437,0
uid-1438,0
uid-1439,0
uid-1440,0
uid-1441,0
uid-1442,0
uid-1443,0
uid-1444,0
uid-1445,0
uid-1446,0
uid-1447,0
uid-1448,0
uid-1449,0
uid-1450,0
uid-1451,0
uid-1452,0
uid-1453,0
uid-1454,0
uid-1455,0
uid-1456,0
uid-1457,0
uid-1458,0
uid-1459,0
uid-1460,0
uid-1461,0
uid-1462,0
uid-1463,0
uid-1464,0
uid-1465,0
uid-1466,0
uid-1467,0
uid-1468,0
uid-1469,0
uid-1470,0
uid-1471,0
uid-1472,0
uid-1473,0
uid-1474,0
uid-1475,0
uid-1476,0
uid-1477,0
uid-1478,0
uid-1479,0
uid-1480,0
uid-1481,0
uid-1482,0
uid-1483,0
uid-1484,0
uid-1485,0
uid-1486,0
uid-1487,0
uid-1488,0
uid-1489,0
uid-1490,0
uid-1491,0
uid-1492,0
uid-1493,0
uid-1494,0
uid-1495,0
uid-1496,0
uid-1497,0
uid-1498,0
uid-1499,0
uid-1500,0
uid-1501,1
uid-1502,1
uid-1503,1
uid-1504,1
uid-1505,1
uid-1506,1
uid-1507,1
uid-1508,1
uid-1509,1
uid-1510,1
uid-1511,1
uid-1512,1
uid-1513,1
uid-1514,1
uid-1515,1
uid-1516,1
uid-1517,1
uid-1518,1
uid-1519,1
uid-1520,1
uid-1521,1
uid-1522,1
uid-1523,1
uid-1524,1
uid-1525,1
uid-1526,1
uid-1527,1
uid-1528,1
uid-1529,1
uid-1530,1
uid-1531,1
uid-1532,1
uid-1533,1
uid-1534,1
uid-1535,1
uid-1536,1
uid-1537,1
uid-1538,1
uid-1539,1
uid-1540,1
uid-1541,1
uid-1542,1
uid-1543,1
uid-1544,1
uid-1545,1
uid-1546,1
uid-1547,1
uid-1548,1
uid-1549,1
uid-1550,1
uid-1551,1
uid-1552,1
uid-1553,1
uid-1554,1
uid-1555,1
uid-1556,1
uid-1557,1
uid-1558,1
uid-1559,1
uid-1560,1
uid-1561,1
uid-1562,1
uid-1563,1
uid-1564,1
uid-1565,1
uid-1566,1
uid-1567,1
uid-1568,1
uid-1569,1
uid-1570,1
uid-1571,1
uid-1572,1
uid-1573,1
uid-1574,1
uid-1575,1
uid-1576,1
uid-1577,1
uid-1578,1
uid-1579,1
uid-1580,1
uid-1581,1
uid-1582,1
uid-1583,1
uid-1584,1
uid-1585,1
uid-1586,1
uid-1587,1
uid-1588,1
uid-1589,1
uid-1590,1
uid-1591,1
uid-1592,1
uid-1593,1
uid-1594,1
uid-1595,1
uid-1596,1
uid-1597,1
uid-1598,1
uid-1599,1
uid-1600,1
uid-1601,1
uid-1602,1
uid-1603,1
uid-1604,1
uid-1605,1
uid-1606,1
uid-1607,1
uid-1608,1
uid-1609,1
uid-1610,1
uid-1611,1
uid-1612,1
uid-1613,1
uid-1614,1
uid-1615,1
uid-1616,1
uid-1617,1
uid-1618,1
uid-1619,1
uid-1620,1
uid-1621,1
uid-1622,1
uid-1623,1
uid-1624,1
uid-1625,1
uid-1626,1
uid-1627,1
uid-1628,1
uid-1629,1
uid-1630,1
uid-1631,1
uid-1632,1
uid-1633,1
uid-1634,1
uid-1635,1
uid-1636,1
uid-1637,1
uid-1638,1
uid-1639,1
uid-1640,1
uid-1641,1
uid-1642,1
uid-1643,1
uid-1644,1
uid-1645,1
uid-1646,1
uid-1647,1
uid-1648,1
uid-1649,1
uid-1650,1
uid-1651,1
uid-1652,1
uid-1653,1
uid-1654,1
uid-1655,1
uid-1656,1
uid-1657,1
uid-1658,1
uid-1659,1
uid-1660,1
uid-1661,1
uid-1662,1
uid-1663,1
uid-1664,1
uid-1665,1
uid-1666,1
uid-1667,1
uid-1668,1
uid-1669,1
uid-1670,1
uid-1671,1
uid-1672,1
uid-1673,1
uid-1674,1
uid-1675,1
uid-1676,1
uid-1677,1
uid-1678,1
uid-1679,1
uid-1680,1
uid-1681,1
uid-1682,1
uid-1683,1
uid-1684,1
uid-1685,1
uid-1686,1
uid-1687,1
uid-1688,1
uid-1689,1
uid-1690,1
uid-1691,1
uid-1692,1
uid-1693,1
uid-1694,1
uid-1695,1
uid-1696,1
uid-1697,1
uid-1698,1
uid-1699,1
uid-1700,1
uid-1701,1
uid-1702,1
uid-1703,1
uid-1704,1
uid-1705,1
uid-1706,1
uid-1707,1
uid-1708,1
uid-1709,1
uid-1710,1
uid-1711,1
uid-1712,1
uid-1713,1
uid-1714,1
uid-1715,1
uid-1716,1
uid-1717,1
uid-1718,1
uid-1719,1
uid-1720,1
uid-1721,1
uid-1722,1
uid-1723,1
uid-1724,1
uid-1725,1
uid-1726,1
uid-1727,1
uid-1728,1
uid-1729,1
uid-1730,1
uid-1731,1
uid-1732,1
uid-1733,1
uid-1734,1
uid-1735,1
uid-1736,1
uid-1737,1
uid-1738,1
uid-1739,1
uid-1740,1
uid-1741,1
uid-1742,1
uid-1743,1
uid-1744,1
uid-1745,1
uid-1746,1
uid-1747,1
uid-1748,1
uid-1749,1
uid-1750,1
uid-1751,1
uid-1752,1
uid-1753,1
uid-1754,1
uid-1755,1
uid-1756,1
uid-1757,1
uid-1758,1
uid-1759,1
uid-1760,1
uid-1761,1
uid-1762,1
uid-1763,1
uid-1764,1
uid-1765,1
uid-1766,1
uid-1767,1
uid-1768,1
uid-1769,1
uid-1770,1
uid-1771,1
uid-1772,1
uid-1773,1
uid-1774,1
uid-1775,1
uid-1776,1
uid-1777,1
uid-1778,1
uid-1779,1
uid-1780,1
uid-1781,1
uid-1782,1
uid-1783,1
uid-1784,1
uid-1785,1
uid-1786,1
uid-1787,1
uid-1788,1
uid-1789,1
uid-1790,1
uid-1791,1
uid-1792,1
uid-1793,1
uid-1794,1
uid-1795,1
uid-1796,1
uid-1797,1
uid-1798,1
uid-1799,1
uid-1800,1
uid-1801,1
uid-1802,1
uid-1803,1
uid-1804,1
uid-1805,1
uid-1806,1
uid-1807,1
uid-1808,1
uid-1809,1
uid-1810,1
uid-1811,1
uid-1812,1
uid-1813,1
uid-1814,1
uid-1815,1
uid-1816,1
uid-1817,1
uid-1818,1
uid-1819,1
uid-1820,1
uid-1821,1
uid-1822,1
uid-1823,1
uid-1824,1
uid-1825,1
uid-1826,1
uid-1827,1
uid-1828,1
uid-1829,1
uid-1830,1
uid-1831,1
uid-1832,1
uid-1833,1
uid-1834,1
uid-1835,1
uid-1836,1
uid-1837,1
uid-1838,1
uid-1839,1
uid-1840,1
uid-1841,1
uid-1842,1
uid-1843,1
uid-1844,1
uid-1845,1
uid-1846,1
uid-1847,1
uid-1848,1
uid-1849,1
uid-1850,1
uid-1851,1
uid-1852,1
uid-1853,1
uid-1854,1
uid-1855,1
uid-1856,1
uid-1857,1
uid-1858,1
uid-1859,1
uid-1860,1
uid-1861,1
uid-1862,1
uid-1863,1
uid-1864,1
uid-1865,1
uid-1866,1
uid-1867,1
uid-1868,1
uid-1869,1
uid-1870,1
uid-1871,1
uid-1872,1
uid-1873,1
uid-1874,1
uid-1875,1
uid-1876,1
uid-1877,1
uid-1878,1
uid-1879,1
uid-1880,1
uid-1881,1
uid-1882,1
uid-1883,1
uid-1884,1
uid-1885,1
uid-1886,1
uid-1887,1
uid-1888,1
uid-1889,1
uid-1890,1
uid-1891,1
uid-1892,1
uid-1893,1
uid-1894,1
uid-1895,1
uid-1896,1
uid-1897,1
uid-1898,1
uid-1899,1
uid-1900,1
uid-1901,1
uid-1902,1
uid-1903,1
uid-1904,1
uid-1905,1
uid-1906,1
uid-1907,1
uid-1908,1
uid-1909,1
uid-1910,1
uid-1911,1
uid-1912,1
uid-1913,1
uid-1914,1
uid-1915,1
uid-1916,1
uid-1917,1
uid-1918,1
uid-1919,1
uid-1920,1
uid-1921,1
uid-1922,1
uid-1923,1
uid-1924,1
uid-1925,1
uid-1926,1
uid-1927,1
uid-1928,1
uid-1929,1
uid-1930,1
uid-1931,1
uid-1932,1
uid-1933,1
uid-1934,1
uid-1935,1
uid-1936,1
uid-1937,1
uid-1938,1
uid-1939,1
uid-1940,1
uid-1941,1
uid-1942,1
uid-1943,1
uid-1944,1
uid-1945,1
uid-1946,1
uid-1947,1
uid-1948,1
uid-1949,1
uid-1950,1
uid-1951,1
uid-1952,1
uid-1953,1
uid-1954,1
uid-1955,1
uid-1956,1
uid-1957,1
uid-1958,1
uid-1959,1
uid-1960,1
uid-1961,1
uid-1962,1
uid-1963,1
uid-1964,1
uid-1965,1
uid-1966,1
uid-1967,1
uid-1968,1
uid-1969,1
uid-1970,1
uid-1971,1
uid-1972,1
uid-1973,1
uid-1974,1
uid-1975,1
uid-1976,1
uid-1977,1
uid-1978,1
uid-1979,1
uid-1980,1
uid-1981,1
uid-1982,1
uid-1983,1
uid-1984,1
uid-1985,1
uid-1986,1
uid-1987,1
uid-1988,1
uid-1989,1
uid-1990,1
uid-1991,1
uid-1992,1
uid-1993,1
uid-1994,1
uid-1995,1
uid-1996,1
uid-1997,1
uid-1998,1
uid-1999,1
uid-2000,1
uid-2001,1
uid-2002,1
uid-2003,1
uid-2004,1
uid-2005,1
uid-2006,1
uid-2007,1
uid-2008,1
uid-2009,1
uid-2010,1
uid-2011,1
uid-2012,1
uid-2013,1
uid-2014,1
uid-2015,1
uid-2016,1
uid-2017,1
uid-2018,1
uid-2019,1
uid-2020,1
uid-2021,1
uid-2022,1
uid-2023,1
uid-2024,1
uid-2025,1
uid-2026,1
uid-2027,1
uid-2028,1
uid-2029,1
uid-2030,1
uid-2031,1
uid-2032,1
uid-2033,1
uid-2034,1
uid-2035,1
uid-2036,1
uid-2037,1
uid-2038,1
uid-2039,1
uid-2040,1
uid-2041,1
uid-2042,1
uid-2043,1
uid-2044,1
uid-2045,1
uid-2046,1
uid-2047,1
uid-2048,1
uid-2049,1
uid-2050,1
uid-2051,1
uid-2052,1
uid-2053,1
uid-2054,1
uid-2055,1
uid-2056,1
uid-2057,1
uid-2058,1
uid-2059,1
uid-2060,1
uid-2061,1
uid-2062,1
uid-2063,1
uid-2064,1
uid-2065,1
uid-2066,1
uid-2067,1
uid-2068,1
uid-2069,1
uid-2070,1
uid-2071,1
uid-2072,1
uid-2073,1
uid-2074,1
uid-2075,1
uid-2076,1
uid-2077,1
uid-2078,1
uid-2079,1
uid-2080,1
uid-2081,1
uid-2082,1
uid-2083,1
uid-2084,1
uid-2085,1
uid-2086,1
uid-2087,1
uid-2088,1
uid-2089,1
uid-2090,1
uid-2091,1
uid-2092,1
uid-2093,1
uid-2094,1
uid-2095,1
uid-2096,1
uid-2097,1
uid-2098,1
uid-2099,1
uid-2100,1
uid-2101,1
uid-2102,1
uid-2103,1
uid-2104,1
uid-2105,1
uid-2106,1
uid-2107,1
uid-2108,1
uid-2109,1
uid-2110,1
uid-2111,1
uid-2112,1
uid-2113,1
uid-2114,1
uid-2115,1
uid-2116,1
uid-2117,1
uid-2118,1
uid-2119,1
uid-2120,1
uid-2121,1
uid-2122,1
uid-2123,1
uid-2124,1
uid-2125,1
uid-2126,1
uid-2127,1
uid-2128,1
uid-2129,1
uid-2130,1
uid-2131,1
uid-2132,1
uid-2133,1
uid-2134,1
uid-2135,1
uid-2136,1
uid-2137,1
uid-2138,1
uid-2139,1
uid-2140,1
uid-2141,1
uid-2142,1
uid-2143,1
uid-2144,1
uid-2145,1
uid-2146,1
uid-2147,1
uid-2148,1
uid-2149,1
uid-2150,1
uid-2151,1
uid-2152,1
uid-2153,1
uid-2154,1
uid-2155,1
uid-2156,1
uid-2157,1
uid-2158,1
uid-2159,1
uid-2160,1
uid-2161,1
uid-2162,1
uid-2163,1
uid-2164,1
uid-2165,1
uid-2166,1
uid-2167,1
uid-2168,1
uid-2169,1
uid-2170,1
uid-2171,1
uid-2172,1
uid-2173,1
uid-2174,1
uid-2175,1
uid-2176,1
uid-2177,1
uid-2178,1
uid-2179,1
uid-2180,1
uid-2181,1
uid-2182,1
uid-2183,1
uid-2184,1
uid-2185,1
uid-2186,1
uid-2187,1
uid-2188,1
uid-2189,1
uid-2190,1
uid-2191,1
uid-2192,1
uid-2193,1
uid-2194,1
uid-2195,1
uid-2196,1
uid-2197,1
uid-2198,1
uid-2199,1
uid-2200,1
uid-2201,1
uid-2202,1
uid-2203,1
uid-2204,1
uid-2205,1
uid-2206,1
uid-2207,1
uid-2208,1
uid-2209,1
uid-2210,1
uid-2211,1
uid-2212,1
uid-2213,1
uid-2214,1
uid-2215,1
uid-2216,1
uid-2217,1
uid-2218,1
uid-2219,1
uid-2220,1
uid-2221,1
uid-2222,1
uid-2223,1
uid-2224,1
uid-2225,1
uid-2226,1
uid-2227,1
uid-2228,1
uid-2229,1
uid-2230,1
uid-2231,1
uid-2232,1
uid-2233,1
uid-2234,1
uid-2235,1
uid-2236,1
uid-2237,1
uid-2238,1
uid-2239,1
uid-2240,1
uid-2241,1
uid-2242,1
uid-2243,1
uid-2244,1
uid-2245,1
uid-2246,1
uid-2247,1
uid-2248,1
uid-2249,1
uid-2250,1
uid-2251,1
uid-2252,1
uid-2253,1
uid-2254,1
uid-2255,1
uid-2256,1
uid-2257,1
uid-2258,1
uid-2259,1
uid-2260,1
uid-2261,1
uid-2262,1
uid-2263,1
uid-2264,1
uid-2265,1
uid-2266,1
uid-2267,1
uid-2268,1
uid-2269,1
uid-2270,1
uid-2271,1
uid-2272,1
uid-2273,1
uid-2274,1
uid-2275,1
uid-2276,1
uid-2277,1
uid-2278,1
uid-2279,1
uid-2280,1
uid-2281,1
uid-2282,1
uid-2283,1
uid-2284,1
uid-2285,1
uid-2286,1
uid-2287,1
uid-2288,1
uid-2289,1
uid-2290,1
uid-2291,1
uid-2292,1
uid-2293,1
uid-2294,1
uid-2295,1
uid-2296,1
uid-2297,1
uid-2298,1
uid-2299,1
uid-2300,1
uid-2301,1
uid-2302,1
uid-2303,1
uid-2304,1
uid-2305,1
uid-2306,1
uid-2307,1
uid-2308,1
uid-2309,1
uid-2310,1
uid-2311,1
uid-2312,1
uid-2313,1
uid-2314,1
uid-2315,1
uid-2316,1
uid-2317,1
uid-2318,1
uid-2319,1
uid-2320,1
uid-2321,1
uid-2322,1
uid-2323,1
uid-2324,1
uid-2325,1
uid-2326,1
uid-2327,1
uid-2328,1
uid-2329,1
uid-2330,1
uid-2331,1
uid-2332,1
uid-2333,1
uid-2334,1
uid-2335,1
uid-2336,1
uid-2337,1
uid-2338,1
uid-2339,1
uid-2340,1
uid-2341,1
uid-2342,1
uid-2343,1
uid-2344,1
uid-2345,1
uid-2346,1
uid-2347,1
uid-2348,1
uid-2349,1
uid-2350,1
uid-2351,1
uid-2352,1
uid-2353,1
uid-2354,1
uid-2355,1
uid-2356,1
uid-2357,1
uid-2358,1
uid-2359,1
uid-2360,1
uid-2361,1
uid-2362,1
uid-2363,1
uid-2364,1
uid-2365,1
uid-2366,1
uid-2367,1
uid-2368,1
uid-2369,1
uid-2370,1
uid-2371,1
uid-2372,1
uid-2373,1
uid-2374,1
uid-2375,1
uid-2376,1
uid-2377,1
uid-2378,1
uid-2379,1
uid-2380,1
uid-2381,1
uid-2382,1
uid-2383,1
uid-2384,1
uid-2385,1
uid-2386,1
uid-2387,1
uid-2388,1
uid-2389,1
uid-2390,1
uid-2391,1
uid-2392,1
uid-2393,1
uid-2394,1
uid-2395,1
uid-2396,1
uid-2397,1
uid-2398,1
uid-2399,1
uid-2400,1
uid-2401,1
uid-2402,1
uid-2403,1
uid-2404,1
uid-2405,1
uid-2406,1
uid-2407,1
uid-2408,1
uid-2409,1
uid-2410,1
uid-2411,1
uid-2412,1
uid-2413,1
uid-2414,1
uid-2415,1
uid-2416,1
uid-2417,1
uid-2418,1
uid-2419,1
uid-2420,1
uid-2421,1
uid-2422,1
uid-2423,1
uid-2424,1
uid-2425,1
uid-2426,1
uid-2427,1
uid-2428,1
uid-2429,1
uid-2430,1
uid-2431,1
uid-2432,1
uid-2433,1
uid-2434,1
uid-2435,1
uid-2436,1
uid-2437,1
uid-2438,1
uid-2439,1
uid-2440,1
uid-2441,1
uid-2442,1
uid-2443,1
uid-2444,1
uid-2445,1
uid-2446,1
uid-2447,1
uid-2448,1
uid-2449,1
uid-2450,1
uid-2451,1
uid-2452,1
uid-2453,1
uid-2454,1
uid-2455,1
uid-2456,1
uid-2457,1
uid-2458,1
uid-2459,1
uid-2460,1
uid-2461,1
uid-2462,1
uid-2463,1
uid-2464,1
uid-2465,1
uid-2466,1
uid-2467,1
uid-2468,1
uid-2469,1
uid-2470,1
uid-2471,1
uid-2472,1
uid-2473,1
uid-2474,1
uid-2475,1
uid-2476,1
uid-2477,1
uid-2478,1
uid-2479,1
uid-2480,1
uid-2481,1
uid-2482,1
uid-2483,1
uid-2484,1
uid-2485,1
uid-2486,1
uid-2487,1
uid-2488,1
uid-2489,1
uid-2490,1
uid-2491,1
uid-2492,1
uid-2493,1
uid-2494,1
uid-2495,1
uid-2496,1
uid-2497,1
uid-2498,1
uid-2499,1
uid-2500,1
uid-2501,1
uid-2502,1
uid-2503,1
uid-2504,1
uid-2505,1
uid-2506,1
uid-2507,1
uid-2508,1
uid-2509,1
uid-2510,1
uid-2511,1
uid-2512,1
uid-2513,1
uid-2514,1
uid-2515,1
uid-2516,1
uid-2517,1
uid-2518,1
uid-2519,1
uid-2520,1
uid-2521,1
uid-2522,1
uid-2523,1
uid-2524,1
uid-2525,1
uid-2526,1
uid-2527,1
uid-2528,1
uid-2529,1
uid-2530,1
uid-2531,1
uid-2532,1
uid-2533,1
uid-2534,1
uid-2535,1
uid-2536,1
uid-2537,1
uid-2538,1
uid-2539,1
uid-2540,1
uid-2541,1
uid-2542,1
uid-2543,1
uid-2544,1
uid-2545,1
uid-2546,1
uid-2547,1
uid-2548,1
uid-2549,1
uid-2550,1
uid-2551,1
uid-2552,1
uid-2553,1
uid-2554,1
uid-2555,1
uid-2556,1
uid-2557,1
uid-2558,1
uid-2559,1
uid-2560,1
uid-2561,1
uid-2562,1
uid-2563,1
uid-2564,1
uid-2565,1
uid-2566,1
uid-2567,1
uid-2568,1
uid-2569,1
uid-2570,1
uid-2571,1
uid-2572,1
uid-2573,1
uid-2574,1
uid-2575,1
uid-2576,1
uid-2577,1
uid-2578,1
uid-2579,1
uid-2580,1
uid-2581,1
uid-2582,1
uid-2583,1
uid-2584,1
uid-2585,1
uid-2586,1
uid-2587,1
uid-2588,1
uid-2589,1
uid-2590,1
uid-2591,1
uid-2592,1
uid-2593,1
uid-2594,1
uid-2595,1
uid-2596,1
uid-2597,1
uid-2598,1
uid-2599,1
uid-2600,1
uid-2601,1
uid-2602,1
uid-2603,1
uid-2604,1
uid-2605,1
uid-2606,1
uid-2607,1
uid-2608,1
uid-2609,1
uid-2610,1
uid-2611,1
uid-2612,1
uid-2613,1
uid-2614,1
uid-2615,1
uid-2616,1
uid-2617,1
uid-2618,1
uid-2619,1
uid-2620,1
uid-2621,1
uid-2622,1
uid-2623,1
uid-2624,1
uid-2625,1
uid-2626,1
uid-2627,1
uid-2628,1
uid-2629,1
uid-2630,1
uid-2631,1
uid-2632,1
uid-2633,1
uid-2634,1
uid-2635,1
uid-2636,1
uid-2637,1
uid-2638,1
uid-2639,1
uid-2640,1
uid-2641,1
uid-2642,1
uid-2643,1
uid-2644,1
uid-2645,1
uid-2646,1
uid-2647,1
uid-2648,1
uid-2649,1
uid-2650,1
uid-2651,1
uid-2652,1
uid-2653,1
uid-2654,1
uid-2655,1
uid-2656,1
uid-2657,1
uid-2658,1
uid-2659,1
uid-2660,1
uid-2661,1
uid-2662,1
uid-2663,1
uid-2664,1
uid-2665,1
uid-2666,1
uid-2667,1
uid-2668,1
uid-2669,1
uid-2670,1
uid-2671,1
uid-2672,1
uid-2673,1
uid-2674,1
uid-2675,1
uid-2676,1
uid-2677,1
uid-2678,1
uid-2679,1
uid-2680,1
uid-2681,1
uid-2682,1
uid-2683,1
uid-2684,1
uid-2685,1
uid-2686,1
uid-2687,1
uid-2688,1
uid-2689,1
uid-2690,1
uid-2691,1
uid-2692,1
uid-2693,1
uid-2694,1
uid-2695,1
uid-2696,1
uid-2697,1
uid-2698,1
uid-2699,1
uid-2700,1
uid-2701,1
uid-2702,1
uid-2703,1
uid-2704,1
uid-2705,1
uid-2706,1
uid-2707,1
uid-2708,1
uid-2709,1
uid-2710,1
uid-2711,1
uid-2712,1
uid-2713,1
uid-2714,1
uid-2715,1
uid-2716,1
uid-2717,1
uid-2718,1
uid-2719,1
uid-2720,1
uid-2721,1
uid-2722,1
uid-2723,1
uid-2724,1
uid-2725,1
uid-2726,1
uid-2727,1
uid-2728,1
uid-2729,1
uid-2730,1
uid-2731,1
uid-2732,1
uid-2733,1
uid-2734,1
uid-2735,1
uid-2736,1
uid-2737,1
uid-2738,1
uid-2739,1
uid-2740,1
uid-2741,1
uid-2742,1
uid-2743,1
uid-2744,1
uid-2745,1
uid-2746,1
uid-2747,1
uid-2748,1
uid-2749,1
uid-2750,1
uid-2751,1
uid-2752,1
uid-2753,1
uid-2754,1
uid-2755,1
uid-2756,1
uid-2757,1
uid-2758,1
uid-2759,1
uid-2760,1
uid-2761,1
uid-2762,1
uid-2763,1
uid-2764,1
uid-2765,1
uid-2766,1
uid-2767,1
uid-2768,1
uid-2769,1
uid-2770,1
uid-2771,1
uid-2772,1
uid-2773,1
uid-2774,1
uid-2775,1
uid-2776,1
uid-2777,1
uid-2778,1
uid-2779,1
uid-2780,1
uid-2781,1
uid-2782,1
uid-2783,1
uid-2784,1
uid-2785,1
uid-2786,1
uid-2787,1
uid-2788,1
uid-2789,1
uid-2790,1
uid-2791,1
uid-2792,1
uid-2793,1
uid-2794,1
uid-2795,1
uid-2796,1
uid-2797,1
uid-2798,1
uid-2799,1
uid-2800,1
uid-2801,1
uid-2802,1
uid-2803,1
uid-2804,1
uid-2805,1
uid-2806,1
uid-2807,1
uid-2808,1
uid-2809,1
uid-2810,1
uid-2811,1
uid-2812,1
uid-2813,1
uid-2814,1
uid-2815,1
uid-2816,1
uid-2817,1
uid-2818,1
uid-2819,1
uid-2820,1
uid-2821,1
uid-2822,1
uid-2823,1
uid-2824,1
uid-2825,1
uid-2826,1
uid-2827,1
uid-2828,1
uid-2829,1
uid-2830,1
uid-2831,1
uid-2832,1
uid-2833,1
uid-2834,1
uid-2835,1
uid-2836,1
uid-2837,1
uid-2838,1
uid-2839,1
uid-2840,1
uid-2841,1
uid-2842,1
uid-2843,1
uid-2844,1
uid-2845,1
uid-2846,1
uid-2847,1
uid-2848,1
uid-2849,1
uid-2850,1
uid-2851,1
uid-2852,1
uid-2853,1
uid-2854,1
uid-2855,1
uid-2856,1
uid-2857,1
uid-2858,1
uid-2859,1
uid-2860,1
uid-2861,1
uid-2862,1
uid-2863,1
uid-2864,1
uid-2865,1
uid-2866,1
uid-2867,1
uid-2868,1
uid-2869,1
uid-2870,1
uid-2871,1
uid-2872,1
uid-2873,1
uid-2874,1
uid-2875,1
uid-2876,1
uid-2877,1
uid-2878,1
uid-2879,1
uid-2880,1
uid-2881,1
uid-2882,1
uid-2883,1
uid-2884,1
uid-2885,1
uid-2886,1
uid-2887,1
uid-2888,1
uid-2889,1
uid-2890,1
uid-2891,1
uid-2892,1
uid-2893,1
uid-2894,1
uid-2895,1
uid-2896,1
uid-2897,1
uid-2898,1
uid-2899,1
uid-2900,1
uid-2901,1
uid-2902,1
uid-2903,1
uid-2904,1
uid-2905,1
uid-2906,1
uid-2907,1
uid-2908,1
uid-2909,1
uid-2910,1
uid-2911,1
uid-2912,1
uid-2913,1
uid-2914,1
uid-2915,1
uid-2916,1
uid-2917,1
uid-2918,1
uid-2919,1
uid-2920,1
uid-2921,1
uid-2922,1
uid-2923,1
uid-2924,1
uid-2925,1
uid-2926,1
uid-2927,1
uid-2928,1
uid-2929,1
uid-2930,1
uid-2931,1
uid-2932,1
uid-2933,1
uid-2934,1
uid-2935,1
uid-2936,1
uid-2937,1
uid-2938,1
uid-2939,1
uid-2940,1
uid-2941,1
uid-2942,1
uid-2943,1
uid-2944,1
uid-2945,1
uid-2946,1
uid-2947,1
uid-2948,1
uid-2949,1
uid-2950,1
uid-2951,1
uid-2952,1
uid-2953,1
uid-2954,1
uid-2955,1
uid-2956,1
uid-2957,1
uid-2958,1
uid-2959,1
uid-2960,1
uid-2961,1
uid-2962,1
uid-2963,1
uid-2964,1
uid-2965,1
uid-2966,1
uid-2967,1
uid-2968,1
uid-2969,1
uid-2970,1
uid-2971,1
uid-2972,1
uid-2973,1
uid-2974,1
uid-2975,1
uid-2976,1
uid-2977,1
uid-2978,1
uid-2979,1
uid-2980,1
uid-2981,1
uid-2982,1
uid-2983,1
uid-2984,1
uid-2985,1
uid-2986,1
uid-2987,1
uid-2988,1
uid-2989,1
uid-2990,1
uid-2991,1
uid-2992,1
uid-2993,1
uid-2994,1
uid-2995,1
uid-2996,1
uid-2997,1
uid-2998,1
uid-2999,1
uid-3000,1
